{
	"oblong": 0.2928870292887026,
	"oval": 0.857740585774059,
	"round": 1.0,
	"square": 0.8493723849372384
}